Student_ID,Age,Gender,Heart_Rate,Blood_Pressure_Systolic,Blood_Pressure_Diastolic,Stress_Level_Biosensor,Stress_Level_Self_Report,Physical_Activity,Sleep_Quality,Mood,Study_Hours,Project_Hours
261,19,F,66.73119220320348,115.90470358910972,84.43501720584524,1.144253408096108,4.362450935806532,Low,Poor,Happy,34.349370541780765,12.715325804326284
262,21,M,64.49051885534573,125.47688117974516,68.48131615413226,9.673166698183442,7.133145512654542,Low,Moderate,Neutral,10.793111331146775,10.163594448526883
263,23,M,70.48385118285803,134.5641199706529,72.84978131969757,4.392875505581575,1.5718215018152673,Low,Good,Neutral,32.70597716115654,13.454858620914782
120,22,M,63.30878918887357,125.85784346347502,75.07244788805922,4.074770014215416,3.4661060234699277,Moderate,Moderate,Happy,29.10336078460366,18.185259198043795
211,23,F,51.35668471690906,108.91795696904667,69.30713144581175,3.1583795698593122,1.94962281761081,Low,Moderate,Neutral,24.82513451674304,13.585950024787268
437,19,M,60.850409322173036,105.71731789890976,80.2485750375127,9.045401596029915,5.576850023479372,High,Poor,Happy,27.27339559775083,12.183067747738487